{"cameraMode":{"drawMode":0,"name":"Shaded","section":"Shading Mode"},"sceneLighting":false,"audioPlay":false,"sceneViewState":{"showFog":true,"showMaterialUpdate":false,"showSkybox":false,"showFlares":true,"showImageEffects":true,"showParticleSystems":true},"in2DMode":false,"pivot":{"x":5.149362564086914,"y":12.074861526489258,"z":-20.606307983398439},"rotation":{"x":-0.19524943828582765,"y":0.3286397457122803,"z":-0.069638691842556,"w":-0.9214249849319458},"size":27.837444305419923,"orthographic":false}